标题,订阅地址,分类,类型,国家,语言,推荐
CNBC Finance,https://search.cnbc.com/rs/search/combinedcms/view.xml?partnerId=wrss01&id=10000664,金融财经,分类订阅,美国,英文,推荐
Yahoo Finance,https://finance.yahoo.com/news/rssindex,金融财经,分类订阅,美国,英文,推荐
FT中文网,https://www.ftchinese.com/rss/news,金融财经,分类订阅,英国,中文,推荐
界面新闻-金融,https://a.jiemian.com/index.php?m=article&a=rss&cid=4,金融财经,分类订阅,中国,中文,推荐
知乎日报,https://rsshub.app/zhihu/daily,国内科技,分类订阅,中国,中文,推荐
CoinDesk,https://www.coindesk.com/arc/outboundfeeds/rss/,金融财经,分类订阅,美国,英文,
Investing.com News,https://www.investing.com/rss/news.rss,金融财经,分类订阅,美国,英文,
Quartz,https://qz.com/feed,金融财经,分类订阅,美国,英文,
The Economist,https://www.economist.com/the-world-this-week/rss.xml,金融财经,分类订阅,英国,英文,推荐
WSJ Markets,https://feeds.a.dj.com/rss/RSSMarketsMain.xml,金融财经,分类订阅,美国,英文,
The Verge,https://www.theverge.com/rss/index.xml,全球科技,分类订阅,美国,英文,推荐
TechCrunch,https://techcrunch.com/feed/,全球科技,分类订阅,美国,英文,
Wired,https://www.wired.com/feed/rss,全球科技,分类订阅,美国,英文,
Ars Technica,https://feeds.arstechnica.com/arstechnica/index,全球科技,分类订阅,美国,英文,
The Next Web,https://thenextweb.com/feed,全球科技,分类订阅,荷兰,英文,
Engadget 中国版,https://chinese.engadget.com/rss.xml,全球科技,分类订阅,美国,中文,
36氪 36Kr,https://36kr.com/feed,国内科技,分类订阅,中国,中文,推荐
Solidot,https://www.solidot.org/index.rss,国内科技,分类订阅,中国,中文,
爱范儿 ifanr,https://www.ifanr.com/feed,国内科技,分类订阅,中国,中文,
月光博客,https://www.williamlong.info/rss.xml,国内科技,分类订阅,中国,中文,
New York Times,https://rss.nytimes.com/services/xml/rss/nyt/HomePage.xml,国际新闻,分类订阅,美国,英文,
New York Times 中文网,https://cn.nytimes.com/rss/,国际新闻,分类订阅,美国,英文,推荐
BBC News,http://feeds.bbci.co.uk/news/rss.xml,国际新闻,分类订阅,英国,英文,推荐
NPR News,https://feeds.npr.org/1001/rss.xml,国际新闻,分类订阅,美国,英文,
World News - Breaking News,https://www.huffpost.com/section/world-news/feed,国际新闻,国家新闻,美国,英语,
GitHub Blog,https://github.blog/feed/,编程开发,分类订阅,美国,英文,
Stack Overflow Blog,https://stackoverflow.blog/feed/,编程开发,分类订阅,美国,英文,
Real Python,https://realpython.com/atom.xml,编程开发,分类订阅,美国,英文,
Martin Fowler,https://martinfowler.com/feed.atom,编程开发,分类订阅,美国,英文,
Netflix TechBlog,https://netflixtechblog.com/feed,编程开发,分类订阅,美国,英文,
CSS-Tricks,https://css-tricks.com/feed/,编程开发,分类订阅,美国,英文,
Go Blog,https://go.dev/blog/feed.atom,编程开发,分类订阅,美国,英文,
Rust Blog,https://blog.rust-lang.org/feed.xml,编程开发,分类订阅,美国,英文,
FreeCodeCamp,https://www.freecodecamp.org/news/rss/,编程开发,分类订阅,美国,英文,
OpenAI Blog,https://openai.com/blog/rss.xml,人工智能,分类订阅,美国,英文,
MIT Tech Review,https://www.technologyreview.com/feed/,人工智能,分类订阅,美国,英文,
VentureBeat,https://venturebeat.com/feed/,人工智能,分类订阅,美国,英文,
Hugging Face,https://huggingface.co/blog/feed.xml,人工智能,分类订阅,美国,英文,
Google AI Blog,http://googleaiblog.blogspot.com/atom.xml,人工智能,分类订阅,美国,英文,
Smashing Magazine,https://www.smashingmagazine.com/feed/,设计与产品,分类订阅,德国,英文,
Sidebar.io,https://sidebar.io/feed.xml,设计与产品,分类订阅,美国,英文,
A List Apart,https://alistapart.com/main/feed,设计与产品,分类订阅,美国,英文,
Nielsen Norman Group,https://www.nngroup.com/feed/rss/,设计与产品,分类订阅,美国,英文,
Muzli,https://medium.com/feed/muzli-design-inspiration,设计与产品,分类订阅,美国,英文,
Figma Blog,https://www.figma.com/blog/feed/atom.xml,设计与产品,分类订阅,美国,英文,
阮一峰的网络日志,http://www.ruanyifeng.com/blog/atom.xml,中文博客,个人博客,中国,中文,
酷壳 CoolShell,https://coolshell.cn/feed,中文博客,个人博客,中国,中文,
槽边往事,https://www.bitinn.net/feed/,中文博客,个人博客,中国,中文,
可能吧,https://kenengba.com/feed,中文博客,个人博客,中国,中文,
Livid,https://livid.v2ex.com/feed,中文博客,个人博客,中国,中文,
Matrix67,http://www.matrix67.com/blog/feed,中文博客,个人博客,中国,中文,
DIYgod,https://diygod.cc/feed,中文博客,个人博客,中国,中文,
Paul的博客,https://paugram.com/feed,中文博客,个人博客,中国,中文,
土木坛子,https://tumutanzi.com/feed,中文博客,个人博客,中国,中文,
Randy's Blog,https://lutaonan.com/rss.xml,中文博客,个人博客,中国,中文,
Nova Kwok,https://nova.moe/feed,中文博客,个人博客,中国,中文,
机核网 GCORES,https://www.gcores.com/rss,游戏娱乐,分类订阅,中国,中文,推荐
Daring Fireball,https://daringfireball.net/feeds/main,数码设备,个人博客,美国,英文,
9to5Mac,https://9to5mac.com/feed/,数码设备,分类订阅,美国,英文,
Android Police,https://www.androidpolice.com/feed/,数码设备,分类订阅,美国,英文,
Lifehacker,https://lifehacker.com/rss,生活效率,分类订阅,美国,英文,
Mashable,https://mashable.com/feed,生活效率,分类订阅,美国,英文,
小众软件,https://www.appinn.com/feed/,软件应用,分类订阅,中国,中文,推荐
奔跑中的奶酪,https://www.runningcheese.com/feed,软件应用,个人博客,中国,中文,
Kaichao You,https://youkaichao.github.io/feed.xml,中文博客,个人博客,中国,中文,
HelloDog,https://wsgzao.github.io/atom.xml,中文博客,个人博客,中国,中文,
莫尔索,https://liduos.com/atom.xml,中文博客,个人博客,中国,中文,
Qborfy知识库,https://qborfy.com/atom.xml,中文博客,个人博客,中国,中文,
硕鼠的博客站,http://lukefan.com/?feed=rss2,中文博客,个人博客,中国,中文,
seisamuse,https://www.seis-jun.xyz/atom.xml,中文博客,个人博客,中国,中文,
费照君个人网站,https://feizhaojun.com/?feed=rss2,中文博客,个人博客,中国,中文,
bboysoul的博客,https://www.bboy.app/atom.xml,中文博客,个人博客,中国,中文,
张洪Heo,https://blog.zhheo.com/rss.xml,中文博客,个人博客,中国,中文,
Tony Bai,http://feed.tonybai.com/,中文博客,个人博客,中国,中文,
晓空blog,https://blog.moeworld.tech/feed/,中文博客,个人博客,中国,中文,
Laike9m's blog,https://laike9m.com/blog/rss/,中文博客,个人博客,中国,中文,
Innomad一挪迈,https://innomad.io/feed,中文博客,个人博客,中国,中文,
南蛮子懋和,https://www.dao.js.cn/feed.php,中文博客,个人博客,中国,中文,
OneCoder的博客,https://www.coderli.com/feed.xml,中文博客,个人博客,中国,中文,
菲兹克斯喵,https://physnya.top/atom.xml,中文博客,个人博客,中国,中文,
WSH,https://www.wsh233.cn/feed.xml,中文博客,个人博客,中国,中文,
s22y,https://blog.s22y.moe/rss.xml,中文博客,个人博客,中国,中文,
蒙需,https://jiangcl.com/feed,中文博客,个人博客,中国,中文,
王圆圆,https://www.iconpik.com/rss/,中文博客,个人博客,中国,中文,
Playbook,https://rss.politico.com/playbook.xml,国际新闻,国家新闻,美国,英语,
FOX News,http://feeds.foxnews.com/foxnews/latest,国际新闻,国家新闻,美国,英语,
Yahoo News - Latest News & Headlines,https://news.yahoo.com/rss/mostviewed,国际新闻,国家新闻,美国,英语,
阮一峰的网络日志,http://feeds.feedburner.com/ruanyifeng,中文博客,个人博客,中国,中文,
云风的 BLOG,http://blog.codingnow.com/atom.xml,中文博客,个人博客,中国,中文,
全栈应用开发:精益实践,https://www.phodal.com/blog/feeds/rss/,中文博客,个人博客,中国,中文,
云原生,https://jimmysong.io/index.xml,中文博客,个人博客,中国,中文,
夜行人,https://wwj718.github.io/index.xml,中文博客,个人博客,中国,中文,
KAIX.IN,https://kaix.in/feed/,中文博客,个人博客,中国,中文,
卢昌海的个人主页,https://www.changhai.org/feed.xml,中文博客,个人博客,中国,中文,
游魂博客,https://www.iyouhun.com/rss.php,中文博客,个人博客,中国,中文,
文艺数学君,https://mathpretty.com/feed/,中文博客,个人博客,中国,中文,
Eric's Blog,https://wsdjeg.net/feed.xml,中文博客,个人博客,中国,中文,
懒得勤快的博客,https://masuit.com/rss,中文博客,个人博客,中国,中文,
游戏研究社,https://www.yystv.cn/rss/feed,中文博客,个人博客,中国,中文,
祝融说,https://zhurongshuo.com/index.xml,中文博客,个人博客,中国,中文,
福强说 一个架构士的思考与沉淀,https://afoo.me/feeds.xml,中文博客,个人博客,中国,中文,
程序员充电站,https://itcharge.cn/feed/,中文博客,个人博客,中国,中文,
竹林里有冰的博客,https://zhul.in/rss.xml,中文博客,个人博客,中国,中文,
conge,https://conge.github.io/feed.xml,中文博客,个人博客,中国,中文,
Mephisto's blog,https://mephisto.cc/index.xml,中文博客,个人博客,中国,中文,
Jing Blog,https://jingine.com/feed/,中文博客,个人博客,中国,中文,
万圣节恶魔的领地,https://cytrogen.icu/atom.xml,中文博客,个人博客,中国,中文,
obaby@mars,https://h4ck.org.cn/feed/,中文博客,个人博客,中国,中文,
柴郡猫,https://www.cheshirex.com/feed,中文博客,个人博客,中国,中文,
重生云,https://xiaochopin.github.io/feed.xml,中文博客,个人博客,中国,中文,
Mox的笔记库,https://mocusez.site/zh-CN/atom.xml,中文博客,个人博客,中国,中文,
粥里有勺糖,https://sugarat.top/feed.rss,中文博客,个人博客,中国,中文,
椒盐豆豉,https://blog.douchi.space/index.xml,中文博客,个人博客,中国,中文,
data4fun,https://data4fun.cc/index.xml,中文博客,个人博客,中国,中文,
Taxodium,https://taxodium.ink/rss.xml,中文博客,个人博客,中国,中文,
独元殇,https://www.ccgxk.com/rss.php,中文博客,个人博客,中国,中文,
明立非(Mingnify)的博客,https://mingnify.com/zh/blog/atom.xml,中文博客,个人博客,中国,中文,
ICDYCT我能你也行,https://zelikk.blogspot.com/rss.xml,中文博客,个人博客,中国,中文,
张鑫旭-鑫空间-鑫生活,http://www.zhangxinxu.com/wordpress/?feed=rss2,中文博客,个人博客,中国,中文,
UsubeniFantasy,https://ssshooter.com/rss.xml,中文博客,个人博客,中国,中文,
维基萌,https://www.wikimoe.com/rss.php,中文博客,个人博客,中国,中文,
61's life,https://61.life/feed.xml,中文博客,个人博客,中国,中文,
@Lenciel,https://lenciel.com/feed.xml,中文博客,个人博客,中国,中文,
安志合的学习博客,https://chegva.com/feed/,中文博客,个人博客,中国,中文,
I'm OWenT,https://owent.net/index.xml,中文博客,个人博客,中国,中文,
同和故事匯,https://hocassian.cn/feed/,中文博客,个人博客,中国,中文,
黑羽的个人博客,https://blog.thetbw.xyz/atom.xml,中文博客,个人博客,中国,中文,
openSUSE 中文社区,https://suse.org.cn/feed.xml,中文博客,个人博客,中国,中文,
Tw93 的博客,https://tw93.fun/feed.xml,中文博客,个人博客,中国,中文,
Dejavu's Blog,https://blog.dejavu.moe/index.xml,中文博客,个人博客,中国,中文,
xxxx的个人博客,https://www.windsong.top/atom.xml,中文博客,个人博客,中国,中文,
Krysztal的书桌,https://blog.krysztal.dev/atom.xml,中文博客,个人博客,中国,中文,
Another Dayu,https://anotherdayu.com/feed/,中文博客,个人博客,中国,中文,
游钓四方,https://lhasa.icu/atom.xml,中文博客,个人博客,中国,中文,
肘子的 Swift 记事本,https://fatbobman.com/zh/rss.xml,中文博客,个人博客,中国,中文,
Kerry的学习笔记,https://kerrynotes.com/feed/,中文博客,个人博客,中国,中文,
阿掖山·博客,https://blog.mountaye.com/feed.xml,中文博客,个人博客,中国,中文,
Nicksxs's Blog,https://nicksxs.me/atom.xml,中文博客,个人博客,中国,中文,
胡涂说,https://hutusi.com/feed.xml,中文博客,个人博客,中国,中文,
Yiran's Blog,https://zdyxry.github.io/atom.xml,中文博客,个人博客,中国,中文,
老高的博客,https://blog.mute-g.com/index.xml,中文博客,个人博客,中国,中文,
素生,http://z.arlmy.me/atom.xml,中文博客,个人博客,中国,中文,
Xieisabug,https://www.xiejingyang.com/feed/,中文博客,个人博客,中国,中文,
Joway's Blog,https://blog.joway.io/index.xml,中文博客,个人博客,中国,中文,
逸思杂陈,https://blog.ponder.work/atom.xml,中文博客,个人博客,中国,中文,
渚碧,https://jubeny.com/feed.xml,中文博客,个人博客,中国,中文,
陈少文的博客,https://www.chenshaowen.com/atom.xml,中文博客,个人博客,中国,中文,
浮云翩迁之间,https://blognas.hwb0307.com/feed/,中文博客,个人博客,中国,中文,
happy xiao 的博客,https://happyxiao.com/feed,中文博客,个人博客,中国,中文,
草梅友仁的博客,https://blog.cmyr.ltd/atom.xml,中文博客,个人博客,中国,中文,
子虚栈,https://blog.si-on.top/atom.xml,中文博客,个人博客,中国,中文,
文武科技柜,https://www.wangdu.site/feed,中文博客,个人博客,中国,中文,
局域自由,https://localfreedom.pages.dev/index.xml,中文博客,个人博客,中国,中文,
云心怀鹤,https://bluehe.cn/feed/,中文博客,个人博客,中国,中文,
码农明明桑,https://isming.me/index.xml,中文博客,个人博客,中国,中文,
清羽飞扬,https://blog.liushen.fun/atom.xml,中文博客,个人博客,中国,中文,
Watermelonabc的Blog,https://watermelonabc.top/atom.xml,中文博客,个人博客,中国,中文,
酥米的小站,https://www.sumi233.top/rss.xml,中文博客,个人博客,中国,中文,
Honesty,https://blog.hehouhui.cn/rss/feed.xml,中文博客,个人博客,中国,中文,
lucifer的网络博客,https://lucifer.ren/blog/atom.xml,中文博客,个人博客,中国,中文,
Louis Aeilot's Blog,https://blog.aeilot.top/index.xml,中文博客,个人博客,中国,中文,
luozhiyun`s Blog 我的技术分享,https://www.luozhiyun.com/feed,中文博客,个人博客,中国,中文,
涛叔,https://taoshu.in/feed.xml,中文博客,个人博客,中国,中文,
愆伏,https://www.tortorse.com/atom.xml,中文博客,个人博客,中国,中文,
印记,https://yinji.org/feed,中文博客,个人博客,中国,中文,
ShineKid,https://shinekid.com/feed/,中文博客,个人博客,中国,中文,
Lei Mao's Log Book,https://leimao.github.io/atom.xml,中文博客,个人博客,中国,中文,
子舒的博客,https://zishu.me/index.xml,中文博客,个人博客,中国,中文,
碎言博客,https://suiyan.cc/rss.xml,中文博客,个人博客,中国,中文,
豌豆花下猫 - Python猫,https://pythoncat.top/rss.xml,中文博客,个人博客,中国,中文,
白菜,https://blog.baicai.me/index.xml,中文博客,个人博客,中国,中文,
映屿,https://www.glowisle.me/atom.xml,中文博客,个人博客,中国,中文,
水星投资理财,http://mercurychong.blogspot.com/feeds/posts/default,中文博客,个人博客,中国,中文,
Joe's Blog,https://hijiangtao.github.io/feed.xml,中文博客,个人博客,中国,中文,
姬涛的个人网站,https://www.jitao.tech/rss.xml,中文博客,个人博客,中国,中文,
GamerNoTitle,https://bili33.top/atom.xml,中文博客,个人博客,中国,中文,
静风说,http://www.jfsay.com/feed,中文博客,个人博客,中国,中文,
方永、南天紫云,https://www.vinoca.org/atom.xml,中文博客,个人博客,中国,中文,
Anjhon’s Blog,https://www.anjhon.top/feed,中文博客,个人博客,中国,中文,
蒲小花的博客,https://www.jackpu.com/rss/,中文博客,个人博客,中国,中文,
雷蒙三十,https://raymondhouch.com/feed,中文博客,个人博客,中国,中文,
东东's Blog,https://blog.yasking.org/atom.xml,中文博客,个人博客,中国,中文,
MacTalk-池建强的随想录,http://macshuo.com/?feed=rss2,中文博客,个人博客,中国,中文,
代码家,https://daimajia.com/feed,中文博客,个人博客,中国,中文,
Mr. PM 下午先生,http://feeds.feedburner.com/pmmustknow,中文博客,个人博客,中国,中文,
ChrAlpha 的幻想乡（博客）,https://blog.ichr.me/atom.xml,中文博客,个人博客,中国,中文,
YeungYeah 的乱写地,http://scottyeung.top/atom.xml,中文博客,个人博客,中国,中文,
二丫讲梵,https://wiki.eryajf.net/rss.xml,中文博客,个人博客,中国,中文,
火喵日记本,https://www.mmbkz.cn/feed,中文博客,个人博客,中国,中文,
我不是咕咕鸽,https://blog.laoda.de/rss.xml,中文博客,个人博客,中国,中文,
丘卡饮品店,https://blog.zerolacqua.top/atom.xml,中文博客,个人博客,中国,中文,
Jame,https://jame.work/feed.xml,中文博客,个人博客,中国,中文,
Peter267,https://peter267.github.io/atom.xml,中文博客,个人博客,中国,中文,
0xd00's blog,https://blog.0xd00.com/rss.xml,中文博客,个人博客,中国,中文,
土木坛子,https://tumutanzi.com/feed,中文博客,个人博客,中国,中文,
Terrarum::异世界丨居正博客,https://blog.skyju.cc/index.xml,中文博客,个人博客,中国,中文,
JustZht,https://www.justzht.com/rss/,中文博客,个人博客,中国,中文,
lowinli's blog,https://lowin.li/atom.xml,中文博客,个人博客,中国,中文,
非学·派,https://fxpai.com/feed,中文博客,个人博客,中国,中文,
烧饼博客,https://u.sb/rss.xml,中文博客,个人博客,中国,中文,
如有乐享,https://51.ruyo.net/feed,中文博客,个人博客,中国,中文,
工劳小报,https://newsletter.laborinfocn.com/rss,中文博客,个人博客,中国,中文,
SkyWT,https://blog.skywt.cn/feed/,中文博客,个人博客,中国,中文,
明明如月的博客,https://lmmsoft.github.io/feed.atom,中文博客,个人博客,中国,中文,
土法炼钢兴趣小组的博客,https://quant67.com/rss.xml,中文博客,个人博客,中国,中文,
Ivan's blog,https://ivanli.cc/feed.xml,中文博客,个人博客,中国,中文,
O3noBLOG,https://feeds.feedburner.com/othree,中文博客,个人博客,中国,中文,
forecho 的独立博客,https://blog.forecho.com/atom.xml,中文博客,个人博客,中国,中文,
西秦公子,https://www.ixiqin.com/feed/,中文博客,个人博客,中国,中文,
LiesAuer's Blog,https://www.liesauer.net/blog/feed/,中文博客,个人博客,中国,中文,
伪斜杠青年,http://i.lckiss.com/?feed=rss2,中文博客,个人博客,中国,中文,
迷途小书童,https://xugaoxiang.com/feed,中文博客,个人博客,中国,中文,
Clark's 尧望 Blog,https://www.dongyao.ren/feed/,中文博客,个人博客,中国,中文,
Fernweh,https://blog.wohin.me/index.xml,中文博客,个人博客,中国,中文,
泠泫凝的异次元空间,https://lxnchan.cn/atom.xml,中文博客,个人博客,中国,中文,
distjr_'s blog,https://ruufly.github.io/atom.xml,中文博客,个人博客,中国,中文,
叶泯希,https://blog.418121.xyz/rss2.xml,中文博客,个人博客,中国,中文,
姓王者的博客,https://xingwangzhe.fun/rss.xml,中文博客,个人博客,中国,中文,
Debug客栈,https://blog.debuginn.com/index.xml,中文博客,个人博客,中国,中文,
OneV's Den,https://onevcat.com/feed.xml,中文博客,个人博客,中国,中文,
双绞麻痹,https://numb.tech/atom.xml,中文博客,个人博客,中国,中文,
喵二の小博客,https://www.miaoer.net/feed,中文博客,个人博客,中国,中文,
Macin,https://www.macin.org/atom.xml,中文博客,个人博客,中国,中文,
顶尖研发的个人博客,https://bestcoder.cn/feed,中文博客,个人博客,中国,中文,
静かな森,https://innei.ren/feed,中文博客,个人博客,中国,中文,
欧雷流,https://ourai.ws/atom.xml,中文博客,个人博客,中国,中文,
读写错误,https://ioerr.github.io/index.xml,中文博客,个人博客,中国,中文,
Shadow Walker 松烟阁,https://www.edony.ink/rss/,中文博客,个人博客,中国,中文,
烟草的香味,https://hujingnb.com/feed,中文博客,个人博客,中国,中文,
Pseudoyu,https://www.pseudoyu.com/zh/index.xml,中文博客,个人博客,中国,中文,
Raz1ner,https://raz1ner.com/atom.xml,中文博客,个人博客,中国,中文,
一个工匠,https://www.yigegongjiang.com/atom.xml,中文博客,个人博客,中国,中文,
千里之豪,https://blog.gadore.top/feed.xml,中文博客,个人博客,中国,中文,
暮冬Z羡慕的博客,https://forcheetah.github.io/atom.xml,中文博客,个人博客,中国,中文,
泫言,https://blog.cugxuan.cn/atom.xml,中文博客,个人博客,中国,中文,
叶寻的博客,https://cyrusyip.org/zh-cn/index.xml,中文博客,个人博客,中国,中文,
W4J1e's blog,https://hin.cool/atom.xml,中文博客,个人博客,中国,中文,
沉舟侧畔 Blog,https://springwood.me/feed/,中文博客,个人博客,中国,中文,
SKYue's Home,https://www.skyue.com/feed/,中文博客,个人博客,中国,中文,
Yubolun 博客,https://yubolun.com/feed.xml,中文博客,个人博客,中国,中文,
农码生涯 无酒无花,https://nicrosoft.net/blog/feed/,中文博客,个人博客,中国,中文,
面条实验室,https://feed.miantiao.me/,中文博客,个人博客,中国,中文,
Cosmos的博客,https://cosmo-polite.com/feed/,中文博客,个人博客,中国,中文,
mafeifan的技术博客,https://mafeifan.com/feed.rss,中文博客,个人博客,中国,中文,
叉息的空中咖啡馆,https://www.xchere.fun/atom.xml,中文博客,个人博客,中国,中文,
蚊子前端博客,https://www.xiabingbao.com/atom.xml,中文博客,个人博客,中国,中文,
Est's Blog,http://feeds.feedburner.com/initiative,中文博客,个人博客,中国,中文,
林林杂语,https://www.xiaozonglin.cn/feed/,中文博客,个人博客,中国,中文,
Peijie's Wiki,https://liupj.top/atom.xml,中文博客,个人博客,中国,中文,
Rei's Blog,https://rei.ac/index.xml,中文博客,个人博客,中国,中文,
运维咖啡吧,https://blog.ops-coffee.cn/feed.xml,中文博客,个人博客,中国,中文,
卡瓦邦噶！,https://www.kawabangga.com/feed,中文博客,个人博客,中国,中文,
唐巧的博客,https://blog.devtang.com/atom.xml,中文博客,个人博客,中国,中文,
jax - 走在路上,https://cdjax.com/?feed=rss2,中文博客,个人博客,中国,中文,
雪猫社,https://www.yukicat.net/feed/,中文博客,个人博客,中国,中文,
张智勇,https://zyzhang.com/feed/,中文博客,个人博客,中国,中文,
Sunset 的重构博客,https://blog.sunmkt.uk/feed.xml,中文博客,个人博客,中国,中文,
BMPI,https://www.bmpi.dev/index.xml,中文博客,个人博客,中国,中文,
Owen的博客,https://www.owenyoung.com/atom.xml,中文博客,个人博客,中国,中文,
王登科-DK博客,https://greatdk.com/feed,中文博客,个人博客,中国,中文,
地球人的空间,https://h.cjh0613.com/zh/index.xml,中文博客,个人博客,中国,中文,
elmagnifico,http://elmagnifico.tech/feed.xml,中文博客,个人博客,中国,中文,
程序员的喵,https://catcoding.me/atom.xml,中文博客,个人博客,中国,中文,
Maohang Gao's Blog,https://kangaroogao.com/atom.xml,中文博客,个人博客,中国,中文,
謝懿Shine©的AI博客,https://xieyi.org/rss.xml,中文博客,个人博客,中国,中文,
Lyric,https://quaily.com/lyric/feed/atom,中文博客,个人博客,中国,中文,
码志,https://mazhuang.org/feed.xml,中文博客,个人博客,中国,中文,
fivestone - 同一种调调,http://blog.fivest.one/feed,中文博客,个人博客,中国,中文,
小球飞鱼,https://mantyke.icu/index.xml,中文博客,个人博客,中国,中文,
初之音,https://www.himiku.com/feed,中文博客,个人博客,中国,中文,
Yi's Blog,https://ycao.top/feed.xml,中文博客,个人博客,中国,中文,
Lenix Blog,https://blog.p2hp.com/feed,中文博客,个人博客,中国,中文,
桑弧蓬矢射四方,https://iphyer.github.io/feed.xml,中文博客,个人博客,中国,中文,
乔克叔叔的床边故事,https://lifeodyssey.github.io/atom.xml,中文博客,个人博客,中国,中文,
谭新宇的博客,https://tanxinyu.work/atom.xml,中文博客,个人博客,中国,中文,
R4y的博客,https://blog.12ms.xyz/feed/,中文博客,个人博客,中国,中文,
Wayne的技术博客,https://blog.michealwayne.cn/atom.xml,中文博客,个人博客,中国,中文,
风萧古道,https://windypath.com/rss.xml,中文博客,个人博客,中国,中文,
云端的解构者,https://www.zheep.top/atom.xml,中文博客,个人博客,中国,中文,
Dawner,https://dawner.top/atom.xml,中文博客,个人博客,中国,中文,
木澤的研發腦,https://woodloch.blog/feed/,中文博客,个人博客,中国,中文,
洛雪のCat,https://blog.sayhi.moe/index.php/feed/,中文博客,个人博客,中国,中文,
夜法之书,https://blog.17lai.site/atom.xml,中文博客,个人博客,中国,中文,
YOLO,https://www.yolo.blue/blog/rss.xml,中文博客,个人博客,中国,中文,
罗磊的独立博客,http://luolei.org/feed/,中文博客,个人博客,中国,中文,
清竹茶馆博客,https://blog.vadxq.com/atom.xml,中文博客,个人博客,中国,中文,
陈仓颉,https://imzm.im/feed,中文博客,个人博客,中国,中文,
某岛,http://www.shuizilong.com/house/feed/,中文博客,个人博客,中国,中文,
M-x Chris-An-Emacser,https://chriszheng.science/atom.xml,中文博客,个人博客,中国,中文,
WuSiYu Blog,https://wusiyu.me/feed/,中文博客,个人博客,中国,中文,
Velas电波站,https://www.velasx.com/feed,中文博客,个人博客,中国,中文,
Surmon.me,https://surmon.me/rss.xml,中文博客,个人博客,中国,中文,
Cysime Moflu,https://blog.cysi.me/index.xml,中文博客,个人博客,中国,中文,
Hubert's Blog,https://trle5.xyz/atom.xml,中文博客,个人博客,中国,中文,
任霏博客,https://blog.renfei.net/rss.xml,中文博客,个人博客,中国,中文,
闲人Life,https://www.xianrenlife.com/feeds/posts/default,中文博客,个人博客,中国,中文,
Ke's blog,https://mengke.me/feed.xml,中文博客,个人博客,中国,中文,
gentlelucky,https://blog.gentlelucky.com/zh/index.xml,中文博客,个人博客,中国,中文,
DaBai,https://ucds.me/feed,中文博客,个人博客,中国,中文,
橙树志,https://citydatum.cn/feed,中文博客,个人博客,中国,中文,
重归混沌的BLOG,https://blog.gotocoding.com/feed/,中文博客,个人博客,中国,中文,
Domon,https://www.domon.cn/rss/,中文博客,个人博客,中国,中文,
smallyu的博客,https://smallyu.net/atom.xml,中文博客,个人博客,中国,中文,
钟意博客,https://blog.thatcoder.cn/atom.xml,中文博客,个人博客,中国,中文,
JZ's Rambles,https://ramble.imzh.me/index.xml,中文博客,个人博客,中国,中文,
失迹の博客,https://blog.reincarnatey.net/index.xml,中文博客,个人博客,中国,中文,
Niracler's Blog,https://niracler.com/rss.xml,中文博客,个人博客,中国,中文,
把酒诗代码,https://102no.com/atom.xml,中文博客,个人博客,中国,中文,
陈看川博客,https://kanchuan.com/feed.xml,中文博客,个人博客,中国,中文,
Beyond the Void,https://www.byvoid.com/feed,中文博客,个人博客,中国,中文,
墙外看的博客,https://qiangwaikan.com/feed/,中文博客,个人博客,中国,中文,
[米随随] s5s5,https://s5s5.me/feed/,中文博客,个人博客,中国,中文,
乌云盖雪,https://wygxmew.github.io/index.xml,中文博客,个人博客,中国,中文,
Deeprouter,https://deeprouter.org/rss/feed.xml,中文博客,个人博客,中国,中文,
繁星点点,https://blog.52013120.xyz/rss.xml,中文博客,个人博客,中国,中文,
Mayx的博客,https://mabbs.github.io/atom.xml,中文博客,个人博客,中国,中文,
Ground Oddity,http://idle.systems/atom.xml,中文博客,个人博客,中国,中文,
不吐不快,https://mianao.info/atom.xml,中文博客,个人博客,中国,中文,
旁逸斜出,https://www.mihu.live/feed/,中文博客,个人博客,中国,中文,
Markon Review,https://markonreview.com/rss/,中文博客,个人博客,中国,中文,
赫赫文王,https://kqh.me/index.xml,中文博客,个人博客,中国,中文,
九仞之行,https://styunlen.cn/feed,中文博客,个人博客,中国,中文,
Shuibaco • 水八口,https://shuiba.co/feed,中文博客,个人博客,中国,中文,
AabyssZG's Blog,https://blog.zgsec.cn/feed/,中文博客,个人博客,中国,中文,
smile 的博客花园,https://nsddd.top/zh/posts/index.xml,中文博客,个人博客,中国,中文,
1A23 Studio,https://1a23.com/feed/,中文博客,个人博客,中国,中文,
oldj's blog,https://oldj.net/feed,中文博客,个人博客,中国,中文,
年华转瞬,https://blog.xiaket.org/feed.xml,中文博客,个人博客,中国,中文,
一大加贝,https://tianheg.co/index.xml,中文博客,个人博客,中国,中文,
涵哲子居,https://blog.afingpo.top/rss.xml,中文博客,个人博客,中国,中文,
了迹奇有没,https://whrss.com/feed,中文博客,个人博客,中国,中文,
Longlong's Blog,https://blog.xlonglong.cn/feed/,中文博客,个人博客,中国,中文,
运维开发绿皮书,https://www.geekery.cn/rss.xml,中文博客,个人博客,中国,中文,
墨寒轩,http://hankmo.com/index.xml,中文博客,个人博客,中国,中文,
空鸣深语,https://blog.deepchirp.com/atom.xml,中文博客,个人博客,中国,中文,
Henry Z's blog,https://changchen.me/atom.xml,中文博客,个人博客,中国,中文,
Tinyfool的中文Blog,https://codechina.org/feed/,中文博客,个人博客,中国,中文,
无辄的栈,https://www.zackwu.com/feed.xml,中文博客,个人博客,中国,中文,
yiyun's Blog,https://moeci.com/atom.xml,中文博客,个人博客,中国,中文,
Razeen's Blog,https://razeen.me/index.xml,中文博客,个人博客,中国,中文,
Phuker's Blog,https://phuker.github.io/feeds/all.atom.xml,中文博客,个人博客,中国,中文,
XINDOO的博客,https://zxs.io/feed,中文博客,个人博客,中国,中文,
小涵Naiwenel,https://www.naiwenel.com/rss.xml,中文博客,个人博客,中国,中文,
一派胡言,https://yipai.me/feed,中文博客,个人博客,中国,中文,
Seraphineの小窝,https://www.helloseraphine.top/atom.xml,中文博客,个人博客,中国,中文,
Peng's Blog,https://pengs.top/atom.xml,中文博客,个人博客,中国,中文,
xulihang's blog,https://blog.xulihang.me/feed/,中文博客,个人博客,中国,中文,
jdjwzx233-Blog,https://www.jdjwzx233.cn/atom.xml,中文博客,个人博客,中国,中文,
Lyunvy's Blog,https://blog.lyunvy.top/atom.xml,中文博客,个人博客,中国,中文,
Wulu's Blog,https://wulu.zone/feed/post.xml,中文博客,个人博客,中国,中文,
Yuko's Blog,https://yuukoamamiya.github.io/index.xml,中文博客,个人博客,中国,中文,
Raye's Journey,https://rayepeng.net/feed,中文博客,个人博客,中国,中文,
林海草原,https://lhcy.org/feed,中文博客,个人博客,中国,中文,
俟河清,https://naive514.top/atom.xml,中文博客,个人博客,中国,中文,
如鱼饮水,https://wangjiezhe.com/atom.xml,中文博客,个人博客,中国,中文,
虹线,https://1q43.blog/feed,中文博客,个人博客,中国,中文,
土豆不好吃,https://dmesg.app/feed,中文博客,个人博客,中国,中文,
PHP武器库,https://phpreturn.com/atom.xml,中文博客,个人博客,中国,中文,
619's blog,https://66619.eu.org/feed/,中文博客,个人博客,中国,中文,
LearnData 开源笔记,https://newzone.top/rss.xml,中文博客,个人博客,中国,中文,
whyes的博客,https://whyes.org/feed.xml,中文博客,个人博客,中国,中文,
Airing's Blog,https://blog.ursb.me/feed.xml,中文博客,个人博客,中国,中文,
Stray Episode,https://farer.org/rss/,中文博客,个人博客,中国,中文,
SЕSSのB10GТЕ5Т,https://sess.xhustudio.eu.org/feed.xml,中文博客,个人博客,中国,中文,
笨方法学写作,https://www.cnfeat.com/feed.xml,中文博客,个人博客,中国,中文,
可可托海没有海,https://darmau.co/zh/article/rss.xml,中文博客,个人博客,中国,中文,
solaireh3,https://Ashlord.com/feed.xml,中文博客,个人博客,中国,中文,
Frank's Weblog,https://nyan.im/feed,中文博客,个人博客,中国,中文,
Android Performance,https://www.androidperformance.com/atom.xml,中文博客,个人博客,中国,中文,
依云's Blog,https://blog.lilydjwg.me/posts.rss,中文博客,个人博客,中国,中文,
icodex - 个人网站,https://icodex.me/atom.xml,中文博客,个人博客,中国,中文,
shrik3,https://shrik3.com/index.xml,中文博客,个人博客,中国,中文,
TrumanDu 博客,http://blog.trumandu.top/atom.xml,中文博客,个人博客,中国,中文,
Sekyoro的博客小屋,https://www.sekyoro.top/atom.xml,中文博客,个人博客,中国,中文,
Cirry's Blog,https://cirry.cn/rss.xml,中文博客,个人博客,中国,中文,
澄沨的漫游茶记,https://champhoon.xyz/atom.xml,中文博客,个人博客,中国,中文,
浮云游子意,https://leonson.me/feed.xml,中文博客,个人博客,中国,中文,
DrPika's Blog,https://blog.drpika.com/atom.xml,中文博客,个人博客,中国,中文,
TimochanのBlog,https://www.timochan.cn/feed,中文博客,个人博客,中国,中文,
流浪天下,https://maie.name/feed,中文博客,个人博客,中国,中文,
飞刀博客,https://www.feidaoboke.com/feed.php,中文博客,个人博客,中国,中文,
ZhensJoke 飞云算,https://blog.fyun.org/feed,中文博客,个人博客,中国,中文,
晴空树,https://pinaland.cn/feed/,中文博客,个人博客,中国,中文,
时间的朋友,https://blog.storycn.cn/index.xml,中文博客,个人博客,中国,中文,
Lamber的博客,https://lamber-maybe.com/blog/index.xml,中文博客,个人博客,中国,中文,
This cute world,https://thiscute.world/index.xml,中文博客,个人博客,中国,中文,
一派胡言,https://dantezy.xyz/rss.xml,中文博客,个人博客,中国,中文,
电波障害,https://www.sund.site/index.xml,中文博客,个人博客,中国,中文,
技术小黑屋,https://droidyue.com/atom.xml,中文博客,个人博客,中国,中文,
十月遗忘诗,https://greniray.org/feed,中文博客,个人博客,中国,中文,
巴哈姆特 GNN,https://gnn.gamer.com.tw/rss.xml,游戏娱乐,分类订阅,中国台湾,中文,
触乐 ChuApp,http://www.chuapp.com/feed,游戏娱乐,分类订阅,中国,中文,
少数派,https://sspai.com/feed,软件应用,分类订阅,中国,中文,
IGN,http://feeds.ign.com/ign/news,游戏娱乐,分类订阅,美国,英文,
Eurogamer,https://www.eurogamer.net/?format=rss,游戏娱乐,分类订阅,英国,英文,
Kotaku,https://kotaku.com/rss,游戏娱乐,分类订阅,美国,英文,
PC Gamer,https://www.pcgamer.com/rss,游戏娱乐,分类订阅,美国,英文,
Rock Paper Shotgun,https://www.rockpapershotgun.com/feed/,游戏娱乐,分类订阅,英国,英文,
Steam News,https://store.steampowered.com/feeds/news.xml,游戏娱乐,分类订阅,美国,英文,